-- phpMyAdmin SQL Dump
-- version 5.2.2
-- https://www.phpmyadmin.net/
--
-- Host: localhost:3306
-- Generation Time: Mar 31, 2026 at 04:42 AM
-- Server version: 8.4.3
-- PHP Version: 8.3.26

SET SQL_MODE = "NO_AUTO_VALUE_ON_ZERO";
START TRANSACTION;
SET time_zone = "+00:00";


/*!40101 SET @OLD_CHARACTER_SET_CLIENT=@@CHARACTER_SET_CLIENT */;
/*!40101 SET @OLD_CHARACTER_SET_RESULTS=@@CHARACTER_SET_RESULTS */;
/*!40101 SET @OLD_COLLATION_CONNECTION=@@COLLATION_CONNECTION */;
/*!40101 SET NAMES utf8mb4 */;

--
-- Database: `database_laundry`
--

-- --------------------------------------------------------

--
-- Table structure for table `admin`
--

CREATE TABLE `admin` (
  `id_admin` int NOT NULL,
  `username` varchar(50) NOT NULL,
  `password` varchar(100) NOT NULL,
  `nama_lengkap` varchar(100) NOT NULL
) ENGINE=InnoDB DEFAULT CHARSET=utf8mb4 COLLATE=utf8mb4_0900_ai_ci;

--
-- Dumping data for table `admin`
--

INSERT INTO `admin` (`id_admin`, `username`, `password`, `nama_lengkap`) VALUES
(1, 'admin', 'admin123', 'Administrator Sistem');

-- --------------------------------------------------------

--
-- Table structure for table `detail_transaksi`
--

CREATE TABLE `detail_transaksi` (
  `id_detail` int NOT NULL,
  `id_transaksi` int DEFAULT NULL,
  `id_layanan` int DEFAULT NULL,
  `berat_kg` float NOT NULL,
  `subtotal` int NOT NULL
) ENGINE=InnoDB DEFAULT CHARSET=utf8mb4 COLLATE=utf8mb4_0900_ai_ci;

--
-- Dumping data for table `detail_transaksi`
--

INSERT INTO `detail_transaksi` (`id_detail`, `id_transaksi`, `id_layanan`, `berat_kg`, `subtotal`) VALUES
(19, 26, 5, 7, 42000),
(20, 27, 5, 5, 30000),
(21, 28, 5, 4, 24000),
(22, 29, 6, 5, 15000),
(23, 30, 6, 100, 300000);

-- --------------------------------------------------------

--
-- Table structure for table `layanan`
--

CREATE TABLE `layanan` (
  `id_layanan` int NOT NULL,
  `nama_layanan` varchar(50) NOT NULL,
  `harga_per_kg` int NOT NULL
) ENGINE=InnoDB DEFAULT CHARSET=utf8mb4 COLLATE=utf8mb4_0900_ai_ci;

--
-- Dumping data for table `layanan`
--

INSERT INTO `layanan` (`id_layanan`, `nama_layanan`, `harga_per_kg`) VALUES
(4, 'Cuci Kering', 4000),
(5, 'Cuci + Setrika', 6000),
(6, 'Setrika Saja', 3000);

-- --------------------------------------------------------

--
-- Table structure for table `pelanggan`
--

CREATE TABLE `pelanggan` (
  `id_pelanggan` int NOT NULL,
  `nama` varchar(100) NOT NULL,
  `no_hp` varchar(15) DEFAULT NULL,
  `alamat` varchar(150) DEFAULT NULL
) ENGINE=InnoDB DEFAULT CHARSET=utf8mb4 COLLATE=utf8mb4_0900_ai_ci;

--
-- Dumping data for table `pelanggan`
--

INSERT INTO `pelanggan` (`id_pelanggan`, `nama`, `no_hp`, `alamat`) VALUES
(21, 'Miguel', '082226995090', 'margosari'),
(22, 'Junio', '0808', 'salatiga'),
(24, 'king', '08898967986', 'Solo'),
(25, 'Pakde', '0899996677', 'Bandung'),
(26, 'assa', '09897979686', 'Ungaran');

-- --------------------------------------------------------

--
-- Table structure for table `transaksi`
--

CREATE TABLE `transaksi` (
  `id_transaksi` int NOT NULL,
  `id_pelanggan` int DEFAULT NULL,
  `tanggal_masuk` date NOT NULL,
  `tanggal_selesai` date DEFAULT NULL,
  `total_harga` int NOT NULL,
  `status` varchar(20) CHARACTER SET utf8mb4 COLLATE utf8mb4_0900_ai_ci NOT NULL DEFAULT 'pending'
) ENGINE=InnoDB DEFAULT CHARSET=utf8mb4 COLLATE=utf8mb4_0900_ai_ci;

--
-- Dumping data for table `transaksi`
--

INSERT INTO `transaksi` (`id_transaksi`, `id_pelanggan`, `tanggal_masuk`, `tanggal_selesai`, `total_harga`, `status`) VALUES
(26, 21, '2025-11-25', NULL, 42000, 'Diterima'),
(27, 22, '2025-11-25', NULL, 30000, 'Diterima'),
(28, 24, '2025-11-26', NULL, 24000, 'Diterima'),
(29, 25, '2025-12-14', NULL, 15000, 'Diterima'),
(30, 26, '2025-12-25', NULL, 300000, 'Diterima');

--
-- Indexes for dumped tables
--

--
-- Indexes for table `admin`
--
ALTER TABLE `admin`
  ADD PRIMARY KEY (`id_admin`),
  ADD UNIQUE KEY `username` (`username`);

--
-- Indexes for table `detail_transaksi`
--
ALTER TABLE `detail_transaksi`
  ADD PRIMARY KEY (`id_detail`),
  ADD KEY `id_transaksi` (`id_transaksi`),
  ADD KEY `id_layanan` (`id_layanan`);

--
-- Indexes for table `layanan`
--
ALTER TABLE `layanan`
  ADD PRIMARY KEY (`id_layanan`);

--
-- Indexes for table `pelanggan`
--
ALTER TABLE `pelanggan`
  ADD PRIMARY KEY (`id_pelanggan`),
  ADD UNIQUE KEY `no_hp` (`no_hp`);

--
-- Indexes for table `transaksi`
--
ALTER TABLE `transaksi`
  ADD PRIMARY KEY (`id_transaksi`),
  ADD KEY `id_pelanggan` (`id_pelanggan`);

--
-- AUTO_INCREMENT for dumped tables
--

--
-- AUTO_INCREMENT for table `admin`
--
ALTER TABLE `admin`
  MODIFY `id_admin` int NOT NULL AUTO_INCREMENT, AUTO_INCREMENT=2;

--
-- AUTO_INCREMENT for table `detail_transaksi`
--
ALTER TABLE `detail_transaksi`
  MODIFY `id_detail` int NOT NULL AUTO_INCREMENT, AUTO_INCREMENT=24;

--
-- AUTO_INCREMENT for table `layanan`
--
ALTER TABLE `layanan`
  MODIFY `id_layanan` int NOT NULL AUTO_INCREMENT, AUTO_INCREMENT=7;

--
-- AUTO_INCREMENT for table `pelanggan`
--
ALTER TABLE `pelanggan`
  MODIFY `id_pelanggan` int NOT NULL AUTO_INCREMENT, AUTO_INCREMENT=27;

--
-- AUTO_INCREMENT for table `transaksi`
--
ALTER TABLE `transaksi`
  MODIFY `id_transaksi` int NOT NULL AUTO_INCREMENT, AUTO_INCREMENT=31;

--
-- Constraints for dumped tables
--

--
-- Constraints for table `detail_transaksi`
--
ALTER TABLE `detail_transaksi`
  ADD CONSTRAINT `detail_transaksi_ibfk_1` FOREIGN KEY (`id_transaksi`) REFERENCES `transaksi` (`id_transaksi`),
  ADD CONSTRAINT `detail_transaksi_ibfk_2` FOREIGN KEY (`id_layanan`) REFERENCES `layanan` (`id_layanan`);

--
-- Constraints for table `transaksi`
--
ALTER TABLE `transaksi`
  ADD CONSTRAINT `transaksi_ibfk_1` FOREIGN KEY (`id_pelanggan`) REFERENCES `pelanggan` (`id_pelanggan`);
COMMIT;

/*!40101 SET CHARACTER_SET_CLIENT=@OLD_CHARACTER_SET_CLIENT */;
/*!40101 SET CHARACTER_SET_RESULTS=@OLD_CHARACTER_SET_RESULTS */;
/*!40101 SET COLLATION_CONNECTION=@OLD_COLLATION_CONNECTION */;
